{"urlImage": {"boxId": {"category": "", "x1": "", "y1": "", "x2": "", "y2": ""}}, "/home/omar/Documents/M1/NNL/ImageAnnotator/maks119.png": {}, "/home/omar/Documents/M1/NNL/ImageAnnotator/img/maksssksksss714.png": {"2": {"category": "mask", "x1": "114", "y1": "349", "x2": "212", "y2": "406"}}, "/home/omar/Documents/M1/NNL/ImageAnnotator/img/maksssksksss715.png": {"4": {"category": "mask", "x1": "189", "y1": "310", "x2": "386", "y2": "394"}, "6": {"category": "hand", "x1": "392", "y1": "395", "x2": "546", "y2": "487"}}, "/home/omar/Documents/M1/NNL/ImageAnnotator/img/maksssksksss716.png": {"8": {"category": "face", "x1": "149", "y1": "188", "x2": "561", "y2": "516"}}, "/home/omar/Documents/M1/NNL/ImageAnnotator/img/maksssksksss717.png": {"10": {"category": "mask", "x1": "367", "y1": "263", "x2": "550", "y2": "415"}, "11": {"category": "mask", "x1": "0", "y1": "274", "x2": "133", "y2": "416"}}, "/home/omar/Documents/M1/NNL/ImageAnnotator/img/maksssksksss718.png": {"13": {"category": "mask", "x1": "264", "y1": "164", "x2": "355", "y2": "270"}, "14": {"category": "hand", "x1": "597", "y1": "388", "x2": "678", "y2": "487"}}, "/home/omar/Documents/M1/NNL/ImageAnnotator/img/maksssksksss719.png": {"16": {"category": "mask", "x1": "376", "y1": "266", "x2": "466", "y2": "347"}, "17": {"category": "mask", "x1": "253", "y1": "267", "x2": "311", "y2": "344"}}, "/home/omar/Documents/M1/NNL/ImageAnnotator/img/maksssksksss720.png": {"19": {"category": "mask", "x1": "413", "y1": "370", "x2": "525", "y2": "528"}, "20": {"category": "hand", "x1": "273", "y1": "431", "x2": "415", "y2": "588"}, "21": {"category": "man", "x1": "515", "y1": "6", "x2": "687", "y2": "256"}}, "/home/omar/Documents/M1/NNL/ImageAnnotator/img/maksssksksss721.png": {"23": {"category": "mask", "x1": "196", "y1": "398", "x2": "499", "y2": "568"}}, "/home/omar/Documents/M1/NNL/ImageAnnotator/img/maksssksksss722.png": {"25": {"category": "man", "x1": "453", "y1": "209", "x2": "544", "y2": "619"}, "26": {"category": "mask", "x1": "285", "y1": "219", "x2": "356", "y2": "273"}, "27": {"category": "hand", "x1": "334", "y1": "280", "x2": "404", "y2": "348"}}, "/home/omar/Documents/M1/NNL/ImageAnnotator/img/maksssksksss723.png": {"29": {"category": "mask", "x1": "182", "y1": "514", "x2": "303", "y2": "616"}, "30": {"category": "face", "x1": "479", "y1": "42", "x2": "547", "y2": "142"}, "31": {"category": "hand", "x1": "357", "y1": "258", "x2": "398", "y2": "326"}}, "/home/omar/Documents/M1/NNL/ImageAnnotator/img/maksssksksss724.png": {"33": {"category": "mask", "x1": "507", "y1": "70", "x2": "580", "y2": "113"}, "34": {"category": "hand", "x1": "517", "y1": "217", "x2": "600", "y2": "277"}}, "/home/omar/Documents/M1/NNL/ImageAnnotator/img/maksssksksss725.png": {"37": {"category": "mask", "x1": "76", "y1": "434", "x2": "325", "y2": "567"}}, "/home/omar/Documents/M1/NNL/ImageAnnotator/img/maksssksksss726.png": {"41": {"category": "mask", "x1": "435", "y1": "195", "x2": "502", "y2": "232"}, "42": {"category": "face", "x1": "320", "y1": "177", "x2": "370", "y2": "243"}, "43": {"category": "hand", "x1": "258", "y1": "370", "x2": "308", "y2": "432"}, "44": {"category": "man", "x1": "599", "y1": "199", "x2": "698", "y2": "680"}}, "/home/omar/Documents/M1/NNL/ImageAnnotator/img/maksssksksss727.png": {"46": {"category": "eyes", "x1": "165", "y1": "337", "x2": "364", "y2": "371"}, "47": {"category": "mask", "x1": "135", "y1": "376", "x2": "405", "y2": "533"}}, "/home/omar/Documents/M1/NNL/ImageAnnotator/img/maksssksksss728.png": {"49": {"category": "mask", "x1": "172", "y1": "131", "x2": "214", "y2": "169"}, "50": {"category": "hand", "x1": "49", "y1": "273", "x2": "92", "y2": "324"}}, "/home/omar/Documents/M1/NNL/ImageAnnotator/img/maksssksksss729.png": {"56": {"category": "face", "x1": "190", "y1": "486", "x2": "414", "y2": "685"}}, "/home/omar/Documents/M1/NNL/ImageAnnotator/img/maksssksksss730.png": {"58": {"category": "mask", "x1": "415", "y1": "335", "x2": "460", "y2": "369"}, "59": {"category": "mask", "x1": "336", "y1": "212", "x2": "367", "y2": "242"}, "60": {"category": "mask", "x1": "252", "y1": "287", "x2": "278", "y2": "319"}, "61": {"category": "hand", "x1": "382", "y1": "368", "x2": "425", "y2": "418"}}, "/home/omar/Documents/M1/NNL/ImageAnnotator/img/maksssksksss731.png": {"64": {"category": "mask", "x1": "404", "y1": "189", "x2": "539", "y2": "283"}, "65": {"category": "hand", "x1": "273", "y1": "240", "x2": "379", "y2": "384"}, "66": {"category": "mask", "x1": "160", "y1": "257", "x2": "250", "y2": "322"}}, "/home/omar/Documents/M1/NNL/ImageAnnotator/img/maksssksksss732.png": {"71": {"category": "mask", "x1": "497", "y1": "146", "x2": "574", "y2": "211"}, "72": {"category": "hand", "x1": "208", "y1": "300", "x2": "258", "y2": "353"}, "73": {"category": "mask", "x1": "392", "y1": "147", "x2": "460", "y2": "207"}, "74": {"category": "man", "x1": "101", "y1": "106", "x2": "162", "y2": "226"}}, "/home/omar/Documents/M1/NNL/ImageAnnotator/img/maksssksksss733.png": {"76": {"category": "mask", "x1": "243", "y1": "247", "x2": "483", "y2": "466"}, "77": {"category": "hand", "x1": "74", "y1": "237", "x2": "284", "y2": "538"}}, "/home/omar/Documents/M1/NNL/ImageAnnotator/img/maksssksksss734.png": {"83": {"category": "mask", "x1": "155", "y1": "192", "x2": "271", "y2": "313"}, "84": {"category": "hand", "x1": "270", "y1": "214", "x2": "374", "y2": "359"}}, "/home/omar/Documents/M1/NNL/ImageAnnotator/img/maksssksksss735.png": {"87": {"category": "hand", "x1": "245", "y1": "352", "x2": "333", "y2": "426"}, "88": {"category": "mask", "x1": "344", "y1": "148", "x2": "401", "y2": "213"}, "89": {"category": "face", "x1": "483", "y1": "131", "x2": "520", "y2": "207"}}, "/home/omar/Documents/M1/NNL/ImageAnnotator/img/maksssksksss736.png": {"92": {"category": "mask", "x1": "294", "y1": "80", "x2": "373", "y2": "134"}, "93": {"category": "hand", "x1": "564", "y1": "229", "x2": "615", "y2": "272"}}, "/home/omar/Documents/M1/NNL/ImageAnnotator/img/maksssksksss737.png": {"96": {"category": "mask", "x1": "275", "y1": "203", "x2": "354", "y2": "275"}, "97": {"category": "hand", "x1": "504", "y1": "321", "x2": "549", "y2": "374"}}, "/home/omar/Documents/M1/NNL/ImageAnnotator/img/maksssksksss738.png": {"99": {"category": "mask", "x1": "363", "y1": "105", "x2": "437", "y2": "176"}, "100": {"category": "mask", "x1": "136", "y1": "144", "x2": "208", "y2": "228"}, "101": {"category": "", "x1": "0", "y1": "0", "x2": "0", "y2": "0"}}, "/home/omar/Documents/M1/NNL/ImageAnnotator/img/maksssksksss739.png": {"103": {"category": "mask", "x1": "225", "y1": "221", "x2": "322", "y2": "346"}}, "/home/omar/Documents/M1/NNL/ImageAnnotator/img/maksssksksss740.png": {"107": {"category": "mask", "x1": "235", "y1": "171", "x2": "301", "y2": "233"}}, "/home/omar/Documents/M1/NNL/ImageAnnotator/img/maksssksksss741.png": {"111": {"category": "mask", "x1": "296", "y1": "94", "x2": "395", "y2": "137"}}, "/home/omar/Documents/M1/NNL/ImageAnnotator/img/maksssksksss742.png": {"113": {"category": "mask", "x1": "347", "y1": "286", "x2": "596", "y2": "529"}}, "/home/omar/Documents/M1/NNL/ImageAnnotator/img/maksssksksss743.png": {"115": {"category": "mask", "x1": "237", "y1": "358", "x2": "457", "y2": "480"}, "116": {"category": "eyes", "x1": "278", "y1": "289", "x2": "467", "y2": "369"}}, "/home/omar/Documents/M1/NNL/ImageAnnotator/img/maksssksksss744.png": {"121": {"category": "mask", "x1": "149", "y1": "282", "x2": "201", "y2": "349"}}, "/home/omar/Documents/M1/NNL/ImageAnnotator/img/maksssksksss745.png": {"123": {"category": "mask", "x1": "304", "y1": "432", "x2": "514", "y2": "576"}}, "/home/omar/Documents/M1/NNL/ImageAnnotator/img/maksssksksss747.png": {"126": {"category": "mask", "x1": "144", "y1": "388", "x2": "475", "y2": "585"}}, "/home/omar/Documents/M1/NNL/ImageAnnotator/img/maksssksksss748.png": {"128": {"category": "eyes", "x1": "288", "y1": "186", "x2": "498", "y2": "288"}, "129": {"category": "hand", "x1": "171", "y1": "322", "x2": "495", "y2": "560"}}, "/home/omar/Documents/M1/NNL/ImageAnnotator/img/maksssksksss749.png": {"131": {"category": "mask", "x1": "245", "y1": "185", "x2": "343", "y2": "224"}, "132": {"category": "hand", "x1": "169", "y1": "379", "x2": "222", "y2": "435"}}, "/home/omar/Documents/M1/NNL/ImageAnnotator/img/maksssksksss750.png": {"135": {"category": "face", "x1": "456", "y1": "390", "x2": "482", "y2": "440"}, "136": {"category": "man", "x1": "299", "y1": "382", "x2": "357", "y2": "695"}}, "/home/omar/Documents/M1/NNL/ImageAnnotator/img/maksssksksss751.png": {"139": {"category": "hand", "x1": "158", "y1": "471", "x2": "217", "y2": "583"}, "140": {"category": "face", "x1": "410", "y1": "19", "x2": "528", "y2": "145"}}, "/home/omar/Documents/M1/NNL/ImageAnnotator/img/maksssksksss752.png": {"142": {"category": "mask", "x1": "467", "y1": "74", "x2": "508", "y2": "111"}, "143": {"category": "mask", "x1": "343", "y1": "81", "x2": "376", "y2": "124"}, "144": {"category": "mask", "x1": "603", "y1": "90", "x2": "628", "y2": "140"}}, "/home/omar/Documents/M1/NNL/ImageAnnotator/img/maksssksksss759.png": {"146": {"category": "face", "x1": "463", "y1": "187", "x2": "594", "y2": "395"}, "147": {"category": "mask", "x1": "238", "y1": "307", "x2": "384", "y2": "428"}}, "/home/omar/Documents/M1/NNL/ImageAnnotator/img/maksssksksss760.png": {"149": {"category": "mask", "x1": "269", "y1": "318", "x2": "354", "y2": "432"}, "150": {"category": "face", "x1": "604", "y1": "308", "x2": "660", "y2": "427"}}, "/home/omar/Documents/M1/NNL/ImageAnnotator/img/maksssksksss761.png": {"153": {"category": "mask", "x1": "340", "y1": "138", "x2": "473", "y2": "223"}, "154": {"category": "hand", "x1": "565", "y1": "206", "x2": "690", "y2": "336"}}, "/home/omar/Documents/M1/NNL/ImageAnnotator/img/maksssksksss753.png": {"158": {"category": "mask", "x1": "332", "y1": "389", "x2": "434", "y2": "457"}}, "/home/omar/Documents/M1/NNL/ImageAnnotator/img/maksssksksss754.png": {"160": {"category": "mask", "x1": "354", "y1": "240", "x2": "408", "y2": "303"}}, "/home/omar/Documents/M1/NNL/ImageAnnotator/img/maksssksksss755.png": {"163": {"category": "mask", "x1": "419", "y1": "239", "x2": "495", "y2": "290"}, "164": {"category": "hand", "x1": "347", "y1": "253", "x2": "394", "y2": "331"}}, "/home/omar/Documents/M1/NNL/ImageAnnotator/img/maksssksksss756.png": {"166": {"category": "mask", "x1": "365", "y1": "133", "x2": "446", "y2": "212"}}, "/home/omar/Documents/M1/NNL/ImageAnnotator/img/maksssksksss757.png": {"168": {"category": "face", "x1": "202", "y1": "227", "x2": "546", "y2": "579"}}, "/home/omar/Documents/M1/NNL/ImageAnnotator/img/maksssksksss758.png": {"171": {"category": "mask", "x1": "251", "y1": "141", "x2": "325", "y2": "229"}}}
